종목명,업종명,시가총액
SK네트웍스,유통,"994,644,169,490"
쿠쿠홀딩스,기타금융,"992,184,961,500"
HLB글로벌,유통,"99,928,723,908"
SK이노베이션우,화학,"99,499,552,200"
후성,화학,"986,749,036,000"
코오롱인더,화학,"975,551,775,950"
크라운해태홀딩스,기타금융,"97,398,596,320"
세이브존I&C,유통,"97,266,921,150"
태경케미컬,화학,"97,208,000,000"
진흥기업,건설,"97,175,125,660"
황금에스티,금속,"97,070,000,000"
세아베스틸지주,금속,"962,897,895,150"
씨케이솔루션,건설,"96,226,776,800"
한국특강,금속,"96,085,031,380"
GKL,오락·문화,"952,577,318,000"
인지컨트롤스,운송장비·부품,"95,645,641,850"
삼원강재,운송장비·부품,"95,400,000,000"
CJ씨푸드,음식료·담배,"95,396,202,315"
화천기계,기계·장비,"95,260,000,000"
아남전자,전기·전자,"95,017,778,240"
동일산업,금속,"94,098,342,000"
KTis,IT 서비스,"93,443,370,000"
팜스코,음식료·담배,"93,105,335,505"
영풍,금속,"927,715,247,500"
LX세미콘,전기·전자,"918,932,950,000"
조흥,음식료·담배,"91,920,000,000"
동일고무벨트,화학,"91,740,000,000"
인스코비,통신,"91,383,789,784"
세방전지,전기·전자,"901,600,000,000"
신일전자,유통,"90,727,684,317"
HL D&I,건설,"90,292,763,385"
덕성우,화학,"9,966,720,000"
한양증권우,증권,"9,833,250,000"
포스코인터내셔널,유통,"9,728,530,176,400"
HD현대미포,운송장비·부품,"9,586,115,760,000"
유한양행,제약,"9,444,272,409,700"
SK바이오팜,일반서비스,"9,295,782,775,000"
JW중외제약우,제약,"9,164,286,800"
삼양홀딩스,기타금융,"898,339,213,400"
휴비스,화학,"89,355,000,000"
DRB동일,화학,"89,087,100,000"
효성티앤씨,화학,"889,338,651,000"
태광산업,화학,"886,266,400,000"
사조오양,음식료·담배,"88,385,291,820"
영보화학,화학,"88,200,000,000"
일동제약,제약,"873,215,755,200"
해성디에스,전기·전자,"872,100,000,000"
NH프라임리츠,부동산,"87,888,600,000"
국제약품,제약,"87,813,302,800"
한신공영,건설,"87,705,921,160"
제일연마,비금속,"87,122,000,000"
NICE평가정보,IT 서비스,"868,201,191,870"
SNT모티브,운송장비·부품,"862,558,840,000"
진양산업,화학,"86,970,000,000"
삼성바이오로직스,제약,"86,903,454,000,000"
대한유화,화학,"859,300,000,000"
솔루엠,전기·전자,"856,866,949,120"
한국내화,비금속,"85,830,159,580"
부국증권우,증권,"85,800,000,000"
동인기연,섬유·의류,"84,321,280,000"
HS효성첨단소재,화학,"828,790,380,000"
CS홀딩스,기타금융,"82,199,118,400"
율촌화학,화학,"819,640,000,000"
LG전자우,전기·전자,"817,193,919,600"
HD현대에너지솔루션,전기·전자,"816,480,000,000"
CJ CGV,오락·문화,"813,004,340,120"
DL,화학,"810,992,710,800"
동방아그로,화학,"81,977,813,540"
TP,섬유·의류,"81,931,383,130"
하이스틸,금속,"81,775,457,550"
무림페이퍼,종이·목재,"81,304,591,740"
삼호개발,건설,"81,043,200,000"
케이씨텍,의료·정밀기기,"806,922,597,000"
한화3우B,화학,"806,254,523,550"
동원시스템즈,화학,"803,058,511,400"
SK증권우,증권,"8,998,782,200"
DB손해보험,보험,"8,885,400,000,000"
이수페타시스,전기·전자,"8,486,105,716,400"
대한항공,운송·창고,"8,174,498,674,200"
S-Oil,화학,"8,139,735,861,600"
키움증권,증권,"8,034,016,240,000"
성신양회우,비금속,"8,003,817,600"
신송홀딩스,유통,"79,844,791,500"
삼부토건,건설,"79,699,592,928"
모나리자,종이·목재,"78,811,054,525"
덕성,화학,"78,008,000,000"
유안타증권,증권,"771,440,766,240"
GS우,기타금융,"77,996,896,200"
테이팩스,화학,"77,697,598,500"
상상인증권,증권,"77,461,040,800"
SG글로벌,운송장비·부품,"77,203,433,531"
보령,제약,"760,932,526,090"
부산산업,비금속,"76,771,200,000"
IHQ,오락·문화,"76,220,934,800"
KG모빌리티,운송장비·부품,"758,905,920,000"
한국금융지주우,기타금융,"758,643,504,500"
GS피앤엘,기타금융,"757,538,126,200"
지엠비코리아,운송장비·부품,"75,144,783,200"
대현,섬유·의류,"75,058,515,450"
SK이터닉스,건설,"745,964,328,200"
코스모화학,화학,"745,503,705,480"
녹십자홀딩스,일반서비스,"744,456,564,300"
아세아,일반서비스,"742,995,910,000"
인터지스,운송·창고,"74,815,903,110"
디와이덕양,운송장비·부품,"74,248,154,400"
비상교육,오락·문화,"74,081,423,700"
프레스티지바이오파마,일반서비스,"739,182,706,500"
화인베스틸,금속,"73,669,603,440"
남광토건,건설,"73,547,638,560"
팜젠사이언스,제약,"73,203,035,290"
삼정펄프,종이·목재,"73,124,151,750"
대림바스,비금속,"73,107,772,400"
케이카,유통,"729,871,677,600"
TKG휴켐스,화학,"728,047,652,280"
하나투어,일반서비스,"722,605,327,800"
부국증권,증권,"720,707,077,000"
코오롱모빌리티그룹우,유통,"72,455,540,000"
태양금속,운송장비·부품,"72,152,200,000"
한솔로지스틱스,운송·창고,"72,078,912,000"
한화리츠,부동산,"712,114,000,000"
대상,음식료·담배,"710,284,512,500"
아모레퍼시픽홀딩스우,화학,"71,268,096,200"
디아이,의료·정밀기기,"708,915,000,000"
동아쏘시오홀딩스,기타금융,"706,588,515,400"
신풍제약,제약,"706,289,916,700"
미원상사,화학,"705,375,000,000"
빙그레,음식료·담배,"704,255,311,100"
호전실업,섬유·의류,"70,976,320,000"
깨끗한나라,종이·목재,"70,869,038,779"
삼성전자우,전기·전자,"70,826,600,835,200"
쌍방울,섬유·의류,"70,637,274,900"
한컴라이프케어,의료·정밀기기,"70,431,363,270"
삼화왕관,금속,"70,232,755,400"
현대차2우B,운송장비·부품,"7,569,690,845,000"
현대건설,건설,"7,494,242,984,500"
NH투자증권,증권,"7,465,414,530,550"
한화,화학,"7,330,964,283,000"
노루홀딩스우,기타금융,"7,318,947,950"
크라운제과우,음식료·담배,"7,294,670,800"
LG디스플레이,전기·전자,"7,260,000,000,000"
아모레퍼시픽,화학,"7,030,829,631,800"
카카오페이,기타금융,"7,000,102,919,600"
미원에스씨,화학,"696,000,000,000"
유유제약,제약,"69,662,315,590"
전진건설로봇,기계·장비,"689,497,751,250"
일진하이솔루스,운송장비·부품,"686,319,291,000"
광명전기,전기·전자,"68,863,470,235"
유엔젤,IT 서비스,"68,474,860,740"
화천기공,기계·장비,"68,090,000,000"
솔루스첨단소재,전기·전자,"673,384,328,960"
이노션,일반서비스,"670,400,000,000"
유니온,비금속,"67,832,484,555"
미래에셋맵스리츠,부동산,"67,486,783,500"
혜인,유통,"67,377,559,100"
남양유업우,음식료·담배,"67,200,000,000"
F&F홀딩스,기타금융,"667,291,101,020"
신한알파리츠,부동산,"660,333,071,580"
일성건설,건설,"66,342,552,640"
삼성전자,전기·전자,"657,671,773,134,200"
기신정기,기계·장비,"65,700,000,000"
조광페인트,화학,"65,024,000,000"
대양금속,금속,"64,572,974,375"
아이티센씨티에스,IT 서비스,"64,520,431,378"
대구백화점,유통,"64,280,369,340"
덴티움,의료·정밀기기,"636,457,725,000"
CJ4우(전환),기타금융,"634,822,102,400"
금양,화학,"633,275,240,400"
인디에프,섬유·의류,"63,320,254,785"
LX홀딩스,기타금융,"623,976,044,200"
한국단자,전기·전자,"622,072,500,000"
한화솔루션우,화학,"62,580,980,700"
코오롱인더우,화학,"62,553,636,000"
동원금속,운송장비·부품,"62,511,345,421"
오리엔트바이오,제약,"62,256,077,625"
카프로,화학,"618,539,985,360"
한화손해보험,보험,"617,548,860,350"
현대홈쇼핑,유통,"616,800,000,000"
넥센타이어,화학,"612,377,588,790"
DL이앤씨2우(전환),건설,"61,880,164,300"
새론오토모티브,운송장비·부품,"61,824,000,000"
고려산업,음식료·담배,"61,226,288,375"
SG세계물산,유통,"61,132,337,920"
비에이치,전기·전자,"601,076,722,540"
신한글로벌액티브리츠,기타금융,"60,607,863,616"
까뮤이앤씨,건설,"60,587,341,620"
보락,화학,"60,139,600,000"
삼성증권,증권,"6,947,540,000,000"
LS,기타금융,"6,894,750,000,000"
한진칼,기타금융,"6,869,838,509,100"
LG씨엔에스,IT 서비스,"6,782,016,360,000"
코웨이,일반서비스,"6,464,631,056,700"
LG유플러스,통신,"6,275,493,983,000"
한화갤러리아우,유통,"6,186,521,100"
현대오토에버,IT 서비스,"6,170,395,950,000"
노루페인트우,화학,"6,108,631,940"
코리아써키트2우B,전기·전자,"6,026,645,310"
대한해운,운송·창고,"598,050,821,020"
서울식품,음식료·담배,"59,710,048,090"
현대차,운송장비·부품,"59,686,888,789,000"
인팩,운송장비·부품,"59,400,000,000"
유니온머티리얼,비금속,"59,346,000,000"
성안머티리얼스,섬유·의류,"59,290,334,175"
보해양조,음식료·담배,"59,265,174,954"
화승알앤에이,운송장비·부품,"59,260,103,760"
DSR,금속,"59,200,000,000"
세아제강지주,기타금융,"581,902,808,500"
코오롱,기타금융,"580,184,274,700"
미래산업,의료·정밀기기,"58,722,767,400"
SK케미칼우,화학,"58,597,383,300"
상신브레이크,운송장비·부품,"57,650,843,250"
씨아이테크,전기·전자,"57,495,921,122"
두산에너빌리티,기계·장비,"57,330,222,567,000"
현대건설우,건설,"57,164,360,600"
금비,비금속,"57,100,000,000"
SJM,운송장비·부품,"57,035,902,190"
롯데손해보험,보험,"569,467,147,200"
제이알글로벌리츠,부동산,"565,482,240,000"
엠씨넥스,전기·전자,"562,789,086,600"
JW중외제약,제약,"562,355,209,500"
한국쉘석유,화학,"562,250,000,000"
전방,섬유·의류,"56,364,000,000"
조비,화학,"56,076,181,200"
OCI,화학,"556,845,189,000"
풍산홀딩스,기타금융,"555,786,606,600"
바이오노트,제약,"550,082,098,720"
SJM홀딩스,유통,"55,405,169,680"
SB성보,화학,"55,155,100,000"
대신증권우,증권,"548,600,000,000"
아이에스동서,비금속,"544,271,177,280"
애경케미칼,화학,"542,433,105,350"
대유에이텍,운송장비·부품,"54,924,223,500"
영흥,금속,"54,910,221,624"
신풍제약우,제약,"54,890,000,000"
삼일씨엔에스,비금속,"54,874,691,570"
갤럭시아에스엠,오락·문화,"54,465,646,188"
티웨이홀딩스,비금속,"54,205,313,626"
선도전기,전기·전자,"54,000,000,000"
신대양제지,종이·목재,"537,975,897,000"
현대차증권,증권,"531,145,847,960"
KG스틸,금속,"531,047,243,070"
메타케어,유통,"53,938,092,296"
HD현대중공업,운송장비·부품,"53,885,281,412,000"
평화홀딩스,운송장비·부품,"53,821,714,880"
명문제약,제약,"53,748,317,682"
한화에어로스페이스,운송장비·부품,"53,729,063,842,000"
써니전자,전기·전자,"53,651,738,818"
진양화학,화학,"53,530,000,000"
범양건영,건설,"53,173,451,700"
서원,금속,"53,076,591,620"
PI첨단소재,화학,"528,887,459,220"
NICE,일반서비스,"527,966,445,240"
E1,유통,"521,360,000,000"
천일고속,운송·창고,"52,738,218,000"
평화산업,운송장비·부품,"52,541,461,863"
케이비아이동국실업,운송장비·부품,"52,307,724,570"
DSR제강,금속,"52,272,000,000"
우성,음식료·담배,"52,128,300,000"
퍼시스,기타제조,"517,500,000,000"
LF,섬유·의류,"516,963,200,000"
쿠쿠홈시스,일반서비스,"512,692,990,500"
롯데칠성우,음식료·담배,"51,945,770,000"
삼화전자,전기·전자,"51,722,262,000"
한솔홈데코,종이·목재,"51,158,869,615"
삼양사,음식료·담배,"503,296,311,200"
SK디스커버리우,기타금융,"50,792,008,500"
블루산업개발,종이·목재,"50,765,248,908"
유성기업,운송장비·부품,"50,701,415,000"
마니커,음식료·담배,"50,681,959,944"
두산로보틱스,기계·장비,"5,969,920,158,000"
두산밥캣,기계·장비,"5,933,490,423,500"
일양약품우,제약,"5,777,138,400"
하이트진로홀딩스우,기타금융,"5,762,714,400"
한국타이어앤테크놀로지,화학,"5,753,996,955,050"
삼성카드,기타금융,"5,746,600,993,600"
한화솔루션,화학,"5,689,642,941,600"
LG이노텍,전기·전자,"5,609,104,359,000"
티와이홀딩스우,기타금융,"5,506,552,020"
한미약품,제약,"5,431,860,184,000"
흥국화재우,보험,"5,314,560,000"
맥쿼리인프라,기타금융,"5,263,352,703,070"
삼성E&A,일반서비스,"5,194,000,000,000"
산일전기,전기·전자,"5,136,105,240,000"
SKC,화학,"5,104,646,570,400"
CJ,기타금융,"5,068,044,552,600"
자화전자,전기·전자,"497,139,132,600"
풀무원,음식료·담배,"496,329,456,840"
티웨이항공,운송·창고,"495,617,609,325"
현대차3우B,운송장비·부품,"494,583,550,000"
현대그린푸드,유통,"492,290,190,000"
삼천리,전기·가스,"491,874,532,500"
드림텍,전기·전자,"490,497,091,920"
유안타증권우,증권,"49,841,138,320"
다스코,금속,"49,811,893,650"
웰바이오텍,유통,"49,553,256,815"
주성코퍼레이션,전기·전자,"49,430,375,280"
한국종합기술,일반서비스,"49,275,000,000"
아진전자부품,운송장비·부품,"49,250,470,230"
BYC우,섬유·의류,"49,215,472,500"
한일홀딩스,비금속,"489,626,197,920"
제주은행,은행,"487,601,385,300"
명신산업,운송장비·부품,"482,200,522,270"
TCC스틸,금속,"481,021,339,950"
STX그린로지스,운송·창고,"48,978,148,560"
이건산업,종이·목재,"48,958,278,450"
고려제강,금속,"479,790,000,000"
코오롱모빌리티그룹,유통,"478,990,417,500"
코리아써키트,전기·전자,"477,139,170,200"
맵스리얼티,기타금융,"475,311,774,720"
두산2우B,기타금융,"471,524,064,000"
엑시큐어하이트론,전기·전자,"47,388,007,400"
세아홀딩스,금속,"468,400,000,000"
동아에스티,제약,"461,085,398,500"
태영건설,건설,"460,030,436,126"
영화금속,운송장비·부품,"46,498,054,500"
일진디스플,전기·전자,"46,465,394,382"
기아,운송장비·부품,"46,348,997,079,000"
시디즈,기타제조,"46,200,000,000"
에쓰씨엔지니어링,건설,"46,175,673,650"
유화증권우,증권,"46,050,379,875"
플레이그램,유통,"46,021,912,500"
아세아시멘트,비금속,"453,016,320,100"
SK하이닉스,전기·전자,"451,361,466,300,000"
유니드,화학,"450,722,160,000"
마스턴프리미어리츠,부동산,"45,696,949,886"
케이탑리츠,부동산,"45,657,735,300"
형지엘리트,섬유·의류,"45,569,237,433"
KB금융,기타금융,"45,012,528,154,000"
제주항공,운송·창고,"448,363,876,600"
SPC삼립,음식료·담배,"441,805,260,800"
DYP,운송장비·부품,"44,838,606,300"
DL이앤씨우,건설,"44,391,585,000"
한화투자증권우,증권,"44,160,000,000"
아모레퍼시픽우,화학,"439,733,619,500"
신도리코,전기·전자,"436,465,255,700"
YG PLUS,IT 서비스,"435,455,672,400"
조광피혁,섬유·의류,"432,858,883,800"
메타랩스,섬유·의류,"43,807,347,951"
진양폴리,화학,"43,400,000,000"
NAVER,IT 서비스,"43,056,049,131,000"
농심홀딩스,기타금융,"425,749,122,000"
스틱인베스트먼트,기타금융,"425,117,385,000"
코람코라이프인프라리츠,부동산,"423,895,466,670"
DL우,화학,"42,827,321,000"
부국철강,금속,"42,700,000,000"
문배철강,금속,"42,647,290,400"
한화오션,운송장비·부품,"42,530,179,087,200"
KR모터스,운송장비·부품,"42,151,089,792"
DB증권,증권,"418,945,859,430"
동국제강,금속,"418,691,663,480"
한세실업,섬유·의류,"416,000,000,000"
신성이엔지,전기·전자,"414,784,024,265"
삼성FN리츠,부동산,"412,001,250,000"
씨티알모빌리티,운송장비·부품,"41,500,200,000"
대림통상,금속,"41,259,750,000"
금호전기,전기·전자,"41,241,177,990"
흥아해운,운송·창고,"408,241,478,502"
KCC글라스,비금속,"407,248,056,000"
KB스타리츠,부동산,"404,135,925,725"
한전산업,일반서비스,"400,002,000,000"
SH에너지화학,화학,"40,341,543,990"
셀트리온,제약,"40,321,976,288,400"
한익스프레스,운송·창고,"40,320,000,000"
현대차우,운송장비·부품,"4,971,624,480,000"
엔씨소프트,IT 서비스,"4,836,632,939,000"
넷마블,IT 서비스,"4,804,800,761,800"
크라운해태홀딩스우,기타금융,"4,781,778,960"
대한전선,전기·전자,"4,689,149,595,000"
동원시스템즈우,화학,"4,650,994,710"
에코프로머티,전기·전자,"4,643,512,953,600"
포스코DX,일반서비스,"4,523,033,187,750"
GS,기타금융,"4,492,458,526,300"
엘앤에프,전기·전자,"4,485,047,489,000"
금강공업우,금속,"4,465,353,750"
BNK금융지주,기타금융,"4,458,548,683,720"
LG생활건강,화학,"4,384,154,503,500"
현대제철,금속,"4,323,643,434,000"
JB금융지주,기타금융,"4,311,179,897,200"
한화엔진,기계·장비,"4,272,493,670,400"
깨끗한나라우,종이·목재,"4,269,425,600"
동부건설우,건설,"4,103,807,760"
우진플라임,기계·장비,"39,940,000,000"
신풍,유통,"39,887,876,700"
쏘카,일반서비스,"381,951,320,260"
계양전기,기계·장비,"38,738,085,667"
삼성물산,유통,"38,499,687,216,000"
부산주공,운송장비·부품,"38,288,532,168"
콜마홀딩스,기타금융,"376,572,923,820"
영진약품,제약,"371,272,243,930"
유니드비티플러스,종이·목재,"37,775,925,400"
이엔플러스,기계·장비,"37,494,486,519"
두산퓨얼셀2우B,전기·전자,"37,448,202,000"
SK스퀘어,기타금융,"37,442,792,385,000"
애경산업,화학,"366,569,897,800"
진에어,운송·창고,"365,400,000,000"
부광약품,제약,"364,072,635,990"
BGF,기타금융,"363,723,805,800"
한국철강,금속,"363,042,000,000"
유진투자증권,증권,"362,764,735,410"
더본코리아,유통,"361,288,848,000"
SBS,오락·문화,"361,007,091,480"
HL홀딩스,기타금융,"360,246,950,700"
모나미,유통,"36,925,337,878"
MH에탄올,음식료·담배,"36,302,347,920"
삼아알미늄,금속,"359,706,346,200"
KISCO홀딩스,금속,"358,662,414,000"
삼화콘덴서,전기·전자,"358,627,500,000"
일진홀딩스,기타금융,"355,301,877,600"
세아제강,금속,"354,537,500,000"
DS단석,화학,"353,442,661,200"
신세계인터내셔날,유통,"353,430,000,000"
INVENI,일반서비스,"352,260,000,000"
현대퓨처넷,통신,"350,996,379,825"
신한지주,기타금융,"35,975,174,609,400"
DI동일,유통,"348,419,084,800"
NH투자증권우,증권,"348,358,069,280"
한일현대시멘트,비금속,"348,091,372,720"
케이씨,의료·정밀기기,"347,982,216,900"
서연이화,운송장비·부품,"346,504,562,340"
대한제강,금속,"345,830,643,690"
사조대림,음식료·담배,"340,918,172,400"
HD현대일렉트릭,전기·전자,"34,208,731,115,000"
대원화성,화학,"34,154,297,856"
체시스,운송장비·부품,"34,112,000,000"
대상홀딩스,기타금융,"332,068,973,460"
세우글로벌,유통,"33,958,051,673"
HD한국조선해양,기타금융,"33,935,709,122,000"
이화산업,유통,"33,908,000,000"
주연테크,전기·전자,"33,852,830,550"
국보,운송·창고,"33,456,978,680"
한창제지,종이·목재,"33,413,792,160"
동일제강,금속,"33,150,487,880"
KG케미칼,화학,"329,336,082,400"
SK증권,증권,"328,450,168,845"
한국토지신탁,기타금융,"325,963,595,930"
한섬,섬유·의류,"321,981,669,450"
대한방직,섬유·의류,"32,701,000,000"
다이나믹디자인,기계·장비,"32,681,007,900"
솔루스첨단소재1우,전기·전자,"32,633,918,380"
한국전자홀딩스,기타금융,"32,106,951,296"
대원전선,전기·전자,"316,412,118,500"
엘브이엠씨홀딩스,유통,"316,334,587,184"
SGC에너지,전기·가스,"316,284,859,350"
남해화학,화학,"315,957,441,480"
코오롱ENP,화학,"315,400,000,000"
롯데이노베이트,IT 서비스,"313,177,896,900"
서울가스,전기·가스,"312,500,000,000"
경인전자,전기·전자,"31,965,718,950"
원림,섬유·의류,"31,941,783,000"
SUN&L,종이·목재,"31,835,172,225"
한성기업,음식료·담배,"31,668,526,500"
세방우,운송·창고,"31,543,087,500"
온타이드,유통,"31,452,817,400"
한세엠케이,유통,"31,364,551,400"
핸즈코퍼레이션,운송장비·부품,"31,085,436,487"
삼성전기우,전기·전자,"309,303,097,600"
SIMPAC,금속,"308,827,315,520"
수산인더스트리,건설,"308,577,600,000"
대덕,기타금융,"308,061,463,500"
아세아제지,종이·목재,"307,247,923,800"
남양유업,음식료·담배,"306,000,000,000"
웅진,일반서비스,"304,921,810,200"
한진,운송·창고,"304,090,799,600"
넥스틸,금속,"303,963,380,000"
일성아이에스,제약,"303,905,000,000"
유나이티드제약,제약,"303,482,412,760"
디앤디플랫폼리츠,부동산,"302,770,000,000"
화승엔터프라이즈,섬유·의류,"302,340,487,240"
에넥스,기타제조,"30,895,695,115"
세기상사,유통,"30,566,133,760"
삼성생명,보험,"30,420,000,000,000"
비비안,섬유·의류,"30,100,587,282"
SK바이오사이언스,제약,"3,981,152,566,000"
오리온,음식료·담배,"3,945,705,973,600"
KCC,화학,"3,910,047,240,000"
한국가스공사,전기·가스,"3,895,608,600,000"
한전기술,일반서비스,"3,890,796,000,000"
남선알미우,금속,"3,756,258,000"
강원랜드,오락·문화,"3,598,479,210,000"
계양전기우,기계·장비,"3,559,845,555"
서울보증보험,보험,"3,473,624,500,500"
CJ제일제당,음식료·담배,"3,417,300,222,000"
HD현대마린엔진,기계·장비,"3,344,659,407,000"
유유제약2우B,제약,"3,301,178,400"
CJ씨푸드1우,음식료·담배,"3,296,000,000"
풍산,금속,"3,262,025,959,200"
진흥기업우B,건설,"3,261,714,490"
금호건설우,건설,"3,209,080,680"
태영건설우,건설,"3,093,876,240"
동양우,비금속,"3,070,123,070"
롯데지주,기타금융,"3,068,595,182,250"
롯데케미칼,화학,"3,058,442,458,500"
일진전기,전기·전자,"3,032,790,804,000"
금호석유화학,화학,"3,017,078,897,800"
제이에스코퍼레이션,섬유·의류,"299,162,774,980"
서흥,화학,"299,061,571,050"
광동제약,제약,"298,798,850,700"
지누스,기타제조,"298,211,318,400"
이리츠코크렙,부동산,"297,705,473,000"
삼성SDI우,전기·전자,"297,531,074,400"
노루홀딩스,기타금융,"297,057,224,850"
화신,운송장비·부품,"296,823,485,000"
우진,의료·정밀기기,"295,289,935,400"
국도화학,화학,"293,568,374,400"
대원제약,제약,"291,334,303,170"
모토닉,운송장비·부품,"290,878,500,000"
남성,유통,"29,838,819,840"
호텔신라우,유통,"29,548,844,700"
WISCOM,화학,"29,411,434,522"
코람코더원리츠,부동산,"289,668,000,000"
DB,IT 서비스,"284,661,115,195"
KPX홀딩스,화학,"282,628,817,400"
넥센,화학,"281,641,319,020"
LS네트웍스,유통,"280,932,752,040"
한국전력,전기·가스,"28,952,579,872,700"
동원수산,"농업, 임업 및 어업","28,760,514,900"
카카오,IT 서비스,"28,529,519,901,000"
백산,화학,"279,326,161,100"
PKC,화학,"276,248,203,050"
현대코퍼레이션,유통,"275,823,941,100"
삼영무역,유통,"275,157,525,200"
삼진제약,제약,"272,440,000,000"
일신방직,섬유·의류,"271,616,800,000"
이수화학,화학,"271,355,824,080"
한국자산신탁,기타금융,"271,058,246,090"
TYM,기계·장비,"270,756,245,560"
LG화학,화학,"27,742,790,799,000"
현대모비스,운송장비·부품,"27,492,630,653,000"
TBH글로벌,섬유·의류,"27,239,005,614"
에스엠벡셀,운송장비·부품,"267,560,482,800"
대신밸류리츠,기타금융,"264,227,600,000"
현대로템,운송장비·부품,"26,685,290,638,500"
한창,유통,"26,467,434,378"
삼성SDI,전기·전자,"26,351,468,310,000"
아이마켓코리아,유통,"259,407,798,400"
한농화성,화학,"258,480,304,260"
에이블씨엔씨,화학,"257,540,193,900"
대동,기계·장비,"256,800,562,340"
세방,운송·창고,"256,149,080,200"
잇츠한불,화학,"251,967,829,350"
대원강업,운송장비·부품,"250,480,000,000"
동성제약,제약,"25,900,780,311"
대한항공우,운송·창고,"25,492,722,300"
삼성중공업,운송장비·부품,"25,476,000,000,000"
성문전자,전기·전자,"25,313,530,095"
태원물산,운송장비·부품,"25,308,000,000"
POSCO홀딩스,금속,"25,210,614,548,000"
디아이씨,운송장비·부품,"249,664,612,980"
LX하우시스,화학,"249,301,226,000"
일양약품,제약,"249,067,915,200"
한국화장품제조,화학,"246,994,000,000"
LG생활건강우,화학,"245,874,518,700"
대한제당,음식료·담배,"245,320,146,300"
SJG세종,운송장비·부품,"244,824,456,800"
한양증권,증권,"244,133,282,120"
JW홀딩스,기타금융,"241,734,560,340"
BYC,섬유·의류,"241,726,005,000"
삼화전기,전기·전자,"241,073,739,000"
HS효성,기타금융,"240,322,291,500"
이스타코,부동산,"24,553,966,800"
대덕전자1우,전기·전자,"24,496,617,110"
진도,유통,"24,434,921,472"
롯데지주우,기타금융,"24,168,090,000"
코오롱우,기타금융,"24,057,316,500"
광주신세계,유통,"238,317,840,500"
스카이라이프,오락·문화,"237,614,775,000"
사조산업,음식료·담배,"237,500,000,000"
SK디앤디,부동산,"237,185,446,680"
선진,음식료·담배,"234,942,487,520"
무학,음식료·담배,"234,840,000,000"
흥국화재,보험,"234,485,654,250"
성신양회,비금속,"233,393,014,960"
포스코스틸리온,금속,"232,500,000,000"
KPX케미칼,화학,"230,868,000,000"
퍼스텍,금속,"230,691,266,740"
하나금융지주,기타금융,"23,824,689,678,400"
대교우B,일반서비스,"23,506,657,900"
미래아이앤지,IT 서비스,"23,478,308,304"
대한제분,음식료·담배,"229,502,000,000"
이지스밸류플러스리츠,부동산,"229,437,871,740"
동국홀딩스,기타금융,"228,645,472,770"
휴스틸,금속,"227,842,644,125"
토니모리,화학,"227,077,302,560"
대성에너지,전기·가스,"226,600,000,000"
송원산업,화학,"226,320,000,000"
CR홀딩스,비금속,"225,543,256,900"
종근당홀딩스,제약,"223,690,293,650"
하이트진로홀딩스,기타금융,"221,392,538,100"
대상우,음식료·담배,"22,882,724,100"
윌비스,유통,"22,725,781,182"
코리아써우,전기·전자,"22,590,937,800"
동양고속,운송·창고,"22,440,659,750"
에이엔피,전기·전자,"22,242,628,742"
우진아이엔에스,건설,"22,218,130,000"
다올투자증권,증권,"218,670,870,540"
JW생명과학,제약,"218,200,154,120"
한솔테크닉스,전기·전자,"218,026,071,620"
서연,기타금융,"217,658,153,880"
화승인더,유통,"217,407,600,000"
삼양패키징,화학,"215,400,142,550"
신세계 I&C,IT 서비스,"215,026,242,000"
한미글로벌,일반서비스,"214,439,253,500"
삼성물산우B,유통,"213,827,863,000"
환인제약,제약,"211,854,797,300"
CJ우,기타금융,"211,556,872,800"
에어부산,운송·창고,"210,301,920,000"
HDC랩스,건설,"210,256,568,100"
효성중공업,전기·전자,"21,707,547,744,000"
아센디오,오락·문화,"21,475,642,425"
SK이노베이션,화학,"21,385,177,682,000"
넥센타이어1우B,화학,"21,287,500,000"
녹십자홀딩스2우,일반서비스,"21,276,648,500"
참엔지니어링,기계·장비,"21,182,906,784"
삼영전자,전기·전자,"209,200,000,000"
삼익THK,기계·장비,"209,160,000,000"
KSS해운,운송·창고,"207,080,343,600"
제일약품,제약,"206,897,549,040"
교촌에프앤비,유통,"206,855,431,200"
만호제강,금속,"206,670,000,000"
한화갤러리아,유통,"206,072,765,430"
도화엔지니어링,일반서비스,"202,320,000,000"
대신증권2우B,증권,"202,000,000,000"
동성케미컬,화학,"200,707,164,000"
이연제약,제약,"200,551,690,690"
하나제약,제약,"200,478,830,880"
SHD,금속,"20,713,669,900"
한국주강,기계·장비,"20,458,449,531"
삼성화재,보험,"20,359,936,087,500"
일정실업,섬유·의류,"20,340,000,000"
고려아연,금속,"20,175,023,309,000"
한온시스템,기계·장비,"2,956,010,913,960"
현대엘리베이터,기계·장비,"2,931,928,875,000"
두산퓨얼셀,전기·전자,"2,871,899,885,100"
HD현대인프라코어,기계·장비,"2,870,538,817,600"
에스원,일반서비스,"2,838,538,596,600"
효성,기타금융,"2,718,642,096,800"
서울식품우,음식료·담배,"2,711,665,500"
더존비즈온,IT 서비스,"2,691,914,662,400"
한미사이언스,기타금융,"2,687,787,915,000"
동양2우B,비금속,"2,647,522,020"
동서,유통,"2,637,065,000,000"
한솔케미칼,화학,"2,635,432,837,500"
농심,음식료·담배,"2,615,536,060,000"
한화생명,보험,"2,609,932,650,000"
성문전자우,전기·전자,"2,598,000,000"
대한조선,운송장비·부품,"2,592,820,797,600"
DB하이텍,전기·전자,"2,562,420,233,200"
SK아이이테크놀로지,전기·전자,"2,555,846,875,000"
영원무역,유통,"2,552,340,556,800"
신영증권,증권,"2,521,896,000,000"
SK가스,유통,"2,514,706,368,000"
한화비전,전기·전자,"2,506,748,563,500"
HJ중공업,건설,"2,474,092,425,600"
진흥기업2우B,건설,"2,435,114,080"
현대해상,보험,"2,427,210,000,000"
OCI홀딩스,기타금융,"2,419,598,326,200"
제일기획,일반서비스,"2,364,097,173,750"
시프트업,IT 서비스,"2,337,821,096,000"
두산우,기타금융,"2,321,944,422,000"
F&F,섬유·의류,"2,294,593,792,500"
코스맥스,화학,"2,292,600,818,000"
한전KPS,건설,"2,281,500,000,000"
미스토홀딩스,유통,"2,256,598,754,450"
한국앤컴퍼니,기타금융,"2,216,737,854,000"
iM금융지주,기타금융,"2,163,429,791,100"
동원산업,기타금융,"2,116,895,928,700"
한올바이오파마,제약,"2,055,669,105,300"
코리안리,보험,"2,037,827,984,260"
아모레퍼시픽홀딩스,화학,"2,022,210,681,000"
신한서부티엔디리츠,부동산,"199,889,551,260"
삼일제약,제약,"199,781,579,310"
동양,비금속,"199,539,876,668"
GS글로벌,유통,"198,906,371,240"
LG우,기타금융,"198,739,134,000"
알루코,금속,"198,501,770,600"
에이프로젠,금속,"197,658,114,940"
방림,섬유·의류,"197,191,584,990"
이월드,기타제조,"196,401,577,305"
일진다이아,화학,"193,728,579,000"
AJ네트웍스,일반서비스,"192,776,753,340"
한국공항,운송·창고,"191,247,842,000"
한솔제지,종이·목재,"190,642,613,760"
포스코퓨처엠,전기·전자,"19,523,695,290,000"
메리츠금융지주,기타금융,"19,169,261,966,200"
HMM,운송·창고,"19,100,568,892,500"
미원화학,화학,"189,576,901,600"
대창단조,운송장비·부품,"187,719,551,100"
동아지질,건설,"187,319,132,980"
미창석유,화학,"187,188,707,200"
LG헬로비전,오락·문화,"187,034,178,975"
KBI동양철관,금속,"186,169,113,310"
NH올원리츠,부동산,"185,935,595,875"
경방,유통,"183,682,309,000"
CJ제일제당 우,음식료·담배,"182,787,524,100"
해태제과식품,음식료·담배,"182,562,473,940"
대성산업,유통,"181,168,089,390"
한국화장품,유통,"180,925,680,000"
경농,화학,"180,779,044,500"
우리금융지주,기타금융,"18,718,946,160,000"
SK,기타금융,"18,343,183,859,000"
한진칼우,기타금융,"18,250,044,000"
삼성전기,전기·전자,"18,150,568,128,000"
진양홀딩스,화학,"178,305,981,480"
콘텐트리중앙,오락·문화,"178,176,349,000"
롯데하이마트,유통,"177,766,071,360"
이구산업,금속,"176,908,180,000"
한국석유,비금속,"176,829,091,600"
금호석유화학우,화학,"176,571,582,400"
진원생명과학,제약,"174,663,319,120"
S-Oil우,화학,"174,149,439,100"
동화약품,제약,"171,778,540,500"
조선내화,비금속,"171,425,729,280"
현대비앤지스틸,금속,"170,088,988,080"
KC그린홀딩스,기타금융,"17,568,790,596"
하이트진로2우B,음식료·담배,"17,313,714,160"
HD현대,기타금융,"17,299,485,615,000"
코아스,기타제조,"17,045,929,600"
미래에셋증권우,증권,"169,612,787,500"
코오롱글로벌,건설,"168,311,818,570"
한세예스24홀딩스,섬유·의류,"167,800,000,000"
유니퀘스트,유통,"167,184,789,480"
조일알미늄,금속,"166,267,449,673"
노루페인트,화학,"165,200,000,000"
삼성출판사,오락·문화,"164,200,000,000"
대교,일반서비스,"164,154,123,300"
미원홀딩스,기타금융,"163,792,000,000"
모나용평,일반서비스,"163,171,998,870"
DH오토넥스,운송장비·부품,"162,944,308,992"
대호에이엘,금속,"162,911,622,192"
웅진씽크빅,일반서비스,"162,863,438,850"
금강공업,금속,"162,777,931,350"
삼영,화학,"161,330,000,000"
그린케미칼,화학,"160,800,000,000"
LX하우시스우,화학,"16,971,505,200"
두산,기타금융,"16,821,264,030,000"
KT&G,음식료·담배,"16,026,986,942,400"
대동전자,전기·전자,"157,776,322,880"
강남제비스코,화학,"157,300,000,000"
무림P&P,종이·목재,"157,168,176,480"
사조동아원,음식료·담배,"156,247,072,200"
KCTC,운송·창고,"155,400,000,000"
신원,섬유·의류,"154,986,790,632"
대한화섬,화학,"154,844,800,000"
한독,제약,"154,839,746,250"
삼화페인트,화학,"154,787,738,610"
동국씨엠,금속,"154,576,051,520"
유화증권,증권,"153,380,032,575"
한국주철관,금속,"152,079,335,000"
KEC,전기·전자,"151,977,697,737"
삼양통상,섬유·의류,"151,800,000,000"
넥센우,화학,"15,986,664,000"
한국ANKOR유전,기타금융,"15,964,560,000"
스타에스엠리츠,부동산,"15,927,568,525"
미래에셋증권,증권,"15,683,701,220,000"
대한제당우,음식료·담배,"15,591,037,800"
기업은행,은행,"15,238,808,356,590"
한국제지,종이·목재,"149,099,737,808"
계룡건설,건설,"149,056,837,830"
효성화학,화학,"147,501,447,900"
NPC,화학,"147,063,600,000"
효성ITX,일반서비스,"145,864,484,000"
태경산업,화학,"145,851,462,500"
텔코웨어,IT 서비스,"145,161,609,670"
유수홀딩스,일반서비스,"145,052,892,840"
이지스레지던스리츠,부동산,"144,515,511,840"
아모레퍼시픽홀딩스3우C,화학,"144,326,270,000"
한진중공업홀딩스,전기·가스,"143,957,833,500"
HS애드,일반서비스,"143,473,761,940"
신라교역,"농업, 임업 및 어업","142,560,000,000"
경보제약,제약,"141,289,542,600"
삼성제약,제약,"140,960,632,263"
솔루스첨단소재2우B,전기·전자,"14,886,486,240"
LS ELECTRIC,전기·전자,"14,655,000,000,000"
LG전자,전기·전자,"14,431,733,888,200"
하이브,오락·문화,"14,418,572,535,000"
삼성에스디에스,IT 서비스,"14,051,808,480,000"
사조씨푸드,음식료·담배,"139,642,383,730"
신세계푸드,일반서비스,"139,409,280,000"
샘표,기타금융,"139,044,930,000"
KH 필룩스,전기·전자,"138,166,306,200"
키다리스튜디오,IT 서비스,"138,062,528,350"
디와이파워,기계·장비,"138,021,350,000"
에이플러스에셋,기타금융,"137,228,696,510"
세아특수강,금속,"136,605,800,000"
디씨엠,금속,"136,572,000,000"
현대리바트,기타제조,"134,711,449,920"
남선알미늄,금속,"134,629,490,870"
인바이오젠,유통,"133,487,630,640"
코스맥스비티아이,기타금융,"132,534,109,800"
대성홀딩스,일반서비스,"132,416,247,570"
동부건설,건설,"131,025,445,730"
일신석재,유통,"130,669,301,070"
동방,운송·창고,"130,483,203,520"
에이리츠,부동산,"13,969,290,160"
한미반도체,기계·장비,"13,496,207,520,000"
크래프톤,IT 서비스,"13,246,582,752,000"
삼양사우,음식료·담배,"13,137,485,000"
현대글로비스,운송·창고,"13,132,500,000,000"
NPC우,화학,"13,094,400,000"
태경비케이,비금속,"129,226,823,500"
아시아나IDT,IT 서비스,"129,204,000,000"
신흥,유통,"129,200,000,000"
티와이홀딩스,기타금융,"128,342,487,060"
태림포장,종이·목재,"126,813,438,540"
AK홀딩스,기타금융,"126,779,158,770"
제일파마홀딩스,일반서비스,"126,029,770,950"
KTcs,IT 서비스,"125,707,325,000"
경동인베스트,기타금융,"123,217,698,300"
금호건설,건설,"123,199,210,800"
신영와코루,섬유·의류,"122,940,000,000"
유한양행우,제약,"122,935,854,000"
조선선재,금속,"122,746,737,600"
페이퍼코리아,종이·목재,"122,096,552,718"
DKME,기계·장비,"122,045,495,160"
우신시스템,기계·장비,"121,788,459,100"
한솔홀딩스,기타금융,"121,233,662,100"
대창,금속,"121,216,863,670"
금호에이치티,운송장비·부품,"121,015,813,050"
샘표식품,음식료·담배,"120,602,750,400"
유니켐,섬유·의류,"120,489,513,412"
두산퓨얼셀1우,전기·전자,"120,277,800,000"
경동도시가스,전기·가스,"120,266,282,400"
JW중외제약2우B,제약,"12,892,342,200"
LG,기타금융,"12,707,858,604,000"
LX홀딩스1우,기타금융,"12,454,922,500"
KT,통신,"12,399,466,902,000"
대상홀딩스우,기타금융,"12,021,423,120"
아주스틸,금속,"119,754,229,260"
HDC현대EP,화학,"119,465,500,000"
경인양행,화학,"119,230,885,725"
자이에스앤디,부동산,"119,062,336,400"
한국무브넥스,운송장비·부품,"118,756,638,000"
한국수출포장,종이·목재,"116,000,000,000"
현대약품,제약,"114,720,000,000"
인천도시가스,전기·가스,"114,618,554,800"
휴니드,전기·전자,"114,480,881,650"
벽산,비금속,"114,130,020,000"
엔케이,금속,"113,903,184,968"
종근당바이오,제약,"113,559,413,400"
극동유화,화학,"112,628,226,600"
한일철강,금속,"112,529,793,900"
삼성공조,운송장비·부품,"112,143,133,200"
한신기계,기계·장비,"112,101,451,705"
제이준코스메틱,화학,"111,675,015,000"
대영포장,종이·목재,"111,646,385,470"
디와이,기타금융,"111,332,047,590"
LG에너지솔루션,전기·전자,"111,267,000,000,000"
크라운제과,음식료·담배,"110,710,834,000"
LIG넥스원,금속,"11,726,000,000,000"
대원전선우,전기·전자,"11,533,280,000"
코오롱글로벌우,건설,"11,407,349,800"
한화시스템,전기·전자,"11,221,811,706,600"
SK텔레콤,통신,"11,190,561,761,300"
동남합성,화학,"109,550,000,000"
STX,유통,"109,493,282,310"
광전자,전기·전자,"109,166,049,492"
와이투솔루션,전기·전자,"108,991,694,120"
에이프로젠바이오로직스,제약,"108,529,091,215"
SK우,기타금융,"108,131,785,000"
세원정공,운송장비·부품,"107,700,000,000"
수산세보틱스,기계·장비,"106,702,512,300"
성창기업지주,일반서비스,"106,022,432,000"
현대코퍼레이션홀딩스,유통,"104,932,639,080"
화승코퍼레이션,운송장비·부품,"104,857,372,940"
일동홀딩스,제약,"104,440,620,000"
삼익악기,기타제조,"103,476,835,845"
미래에셋글로벌리츠,부동산,"102,975,444,000"
티에이치엔,전기·전자,"102,960,000,000"
NI스틸,금속,"101,244,414,180"
두올,운송장비·부품,"100,932,564,480"
KC코트렐,기계·장비,"100,782,913,662"
HS화성,건설,"100,180,500,000"
대덕1우,기타금융,"10,971,830,850"
카카오뱅크,은행,"10,899,231,485,450"
HD현대마린솔루션,일반서비스,"10,826,254,215,000"
한국항공우주,운송장비·부품,"10,615,039,152,300"
유유제약1우,제약,"10,518,555,200"
삼양식품,음식료·담배,"10,214,768,340,000"
에이피알,화학,"10,199,853,487,500"
한국금융지주,기타금융,"10,147,703,143,200"
태양금속우,운송장비·부품,"10,065,000,000"
팬오션,운송·창고,"1,993,944,279,760"
이마트,유통,"1,981,379,804,200"
대덕전자,전기·전자,"1,969,264,461,250"
달바글로벌,화학,"1,955,276,136,000"
씨에스윈드,금속,"1,927,233,117,100"
호텔신라,유통,"1,915,308,304,800"
한국카본,금속,"1,894,658,498,000"
영원무역홀딩스,기타금융,"1,893,942,951,100"
CJ대한통운,운송·창고,"1,843,237,395,200"
롯데쇼핑,유통,"1,821,795,822,000"
다우기술,IT 서비스,"1,808,124,665,100"
현대백화점,유통,"1,805,779,277,400"
코스모신소재,화학,"1,804,346,958,000"
아시아나항공,운송·창고,"1,792,119,185,700"
한국콜마,화학,"1,791,625,344,300"
HL만도,운송장비·부품,"1,791,414,128,000"
BGF리테일,유통,"1,768,143,583,800"
SNT다이내믹스,운송장비·부품,"1,755,742,401,600"
엠앤씨솔루션,기계·장비,"1,739,241,000,000"
HD현대건설기계,기계·장비,"1,732,289,777,400"
이수스페셜티케미컬,화학,"1,727,913,616,000"
파라다이스,오락·문화,"1,698,414,174,420"
대웅제약,제약,"1,662,673,512,500"
신세계,유통,"1,654,148,541,500"
에스엘,운송장비·부품,"1,641,955,182,000"
DL이앤씨,건설,"1,627,066,847,150"
현대위아,운송장비·부품,"1,601,790,388,700"
GS건설,건설,"1,574,699,416,000"
미래에셋생명,보험,"1,564,823,110,760"
SK리츠,부동산,"1,561,177,721,980"
오뚜기,음식료·담배,"1,549,026,295,000"
녹십자,제약,"1,527,430,516,600"
미래에셋증권2우B,증권,"1,526,250,000,000"
대신증권,증권,"1,518,124,660,000"
가온전선,전기·전자,"1,505,423,465,000"
LG화학우,화학,"1,491,627,200,000"
대우건설,건설,"1,479,616,591,280"
GS리테일,유통,"1,479,015,171,350"
롯데관광개발,일반서비스,"1,453,186,372,680"
LS에코에너지,기타금융,"1,437,838,069,050"
STX엔진,기계·장비,"1,435,293,252,250"
SK오션플랜트,금속,"1,405,757,902,500"
롯데에너지머티리얼즈,전기·전자,"1,379,829,950,050"
DN오토모티브,전기·전자,"1,336,973,265,250"
금호타이어,화학,"1,332,887,731,680"
하이트진로,음식료·담배,"1,315,005,206,250"
대웅,제약,"1,267,495,164,000"
KB발해인프라,기타금융,"1,267,120,966,320"
HDC현대산업개발,건설,"1,263,443,516,100"
세진중공업,운송장비·부품,"1,250,688,032,000"
한일시멘트,비금속,"1,201,687,719,000"
현대지에프홀딩스,기타금융,"1,195,785,988,670"
오리온홀딩스,기타금융,"1,187,757,201,120"
롯데정밀화학,화학,"1,172,610,000,000"
LX인터내셔널,유통,"1,160,862,000,000"
종근당,제약,"1,151,151,852,000"
한화투자증권,증권,"1,145,685,118,500"
에스디바이오센서,의료·정밀기기,"1,144,441,558,800"
SK케미칼,화학,"1,133,069,173,000"
지역난방공사,전기·가스,"1,112,717,298,400"
롯데리츠,부동산,"1,109,640,514,560"
SK디스커버리,기타금융,"1,100,871,300,000"
HDC,기타금융,"1,097,455,414,770"
파미셀,제약,"1,092,308,744,800"
교보증권,증권,"1,091,765,166,380"
명인제약,제약,"1,086,240,000,000"
더블유게임즈,IT 서비스,"1,079,094,481,200"
한샘,유통,"1,075,500,509,600"
동양생명,보험,"1,071,421,004,400"
롯데칠성,음식료·담배,"1,067,071,660,000"
ESR켄달스퀘어리츠,부동산,"1,053,260,920,000"
롯데웰푸드,음식료·담배,"1,049,555,947,200"
롯데렌탈,일반서비스,"1,045,710,374,400"
삼성화재우,보험,"1,032,136,830,000"
SNT에너지,기계·장비,"1,029,902,993,400"
경동나비엔,전기·전자,"1,022,715,158,400"
NHN,IT 서비스,"1,021,425,220,750"
SNT홀딩스,기타금융,"1,014,101,709,200"
